phylum_group,domain,n_genomes_total,pgh_architecture,n_genomes,percentage
Acidobacteriota,Bacteria,1094,LysM+SLT,929,84.918
Acidobacteriota,Bacteria,1094,AMIN+Amidase_3,632,57.77
Acidobacteriota,Bacteria,1094,SH3_4+NLPC_P60,58,5.302
Acidobacteriota,Bacteria,1094,LysM+Peptidase_M23,52,4.753
Acidobacteriota,Bacteria,1094,SH3_3+NLPC_P60,39,3.565
Acidobacteriota,Bacteria,1094,SH3_16+NLPC_P60,32,2.925
Acidobacteriota,Bacteria,1094,LysM+Amidase_3,29,2.651
Acidobacteriota,Bacteria,1094,PG_binding_3+Glyco_hydro_108,28,2.559
Acidobacteriota,Bacteria,1094,PG_binding_1+Amidase_2,21,1.92
Acidobacteriota,Bacteria,1094,LysM+Amidase_2,14,1.28
Acidobacteriota,Bacteria,1094,PG_binding_1+Peptidase_M15,14,1.28
Acidobacteriota,Bacteria,1094,LysM+NLPC_P60,8,0.731
Acidobacteriota,Bacteria,1094,PG_binding_1+VanY,8,0.731
Acidobacteriota,Bacteria,1094,SH3_3+Amidase_2,3,0.274
Acidobacteriota,Bacteria,1094,LysM+Peptidase_M15,1,0.091
Acidobacteriota,Bacteria,1094,PG_binding_1+Peptidase_M23,1,0.091
Acidobacteriota,Bacteria,1094,SH3_6+NLPC_P60,1,0.091
Actinomycetota,Bacteria,4027,LysM+SLT,699,17.358
Actinomycetota,Bacteria,4027,PG_binding_1+Peptidase_M23,308,7.648
Actinomycetota,Bacteria,4027,PG_binding_1+Peptidase_M15,277,6.879
Actinomycetota,Bacteria,4027,PG_binding_1+Amidase_2,231,5.736
Actinomycetota,Bacteria,4027,LysM+NLPC_P60,131,3.253
Actinomycetota,Bacteria,4027,LysM+Peptidase_M23,117,2.905
Actinomycetota,Bacteria,4027,SH3_16+NLPC_P60,51,1.266
Actinomycetota,Bacteria,4027,SH3_3+NLPC_P60,37,0.919
Actinomycetota,Bacteria,4027,PG_binding_1+Glucosaminidase,29,0.72
Actinomycetota,Bacteria,4027,PG_binding_1+VanY,24,0.596
Actinomycetota,Bacteria,4027,SH3_4+NLPC_P60,20,0.497
Actinomycetota,Bacteria,4027,PG_binding_1+Glyco_hydro_25,19,0.472
Actinomycetota,Bacteria,4027,CW_7+LysM+Glyco_hydro_25,16,0.397
Actinomycetota,Bacteria,4027,LysM+Peptidase_M15,11,0.273
Actinomycetota,Bacteria,4027,LysM+Amidase_2,10,0.248
Actinomycetota,Bacteria,4027,Choline_bind_1+Choline_bind_3+Amidase_3,7,0.174
Actinomycetota,Bacteria,4027,SH3_3+Amidase_2,6,0.149
Actinomycetota,Bacteria,4027,PG_binding_3+Glyco_hydro_108,2,0.05
Actinomycetota,Bacteria,4027,SH3_6+NLPC_P60,2,0.05
Actinomycetota,Bacteria,4027,LysM+Phage_lysozyme2,1,0.025
Actinomycetota,Bacteria,4027,SPOR+Amidase_2,1,0.025
Aenigmatarchaeota,Archaea,132,PG_binding_3+Glyco_hydro_108,2,1.515
Aenigmatarchaeota,Archaea,132,LysM+Amidase_2,1,0.758
Aenigmatarchaeota,Archaea,132,LysM+NLPC_P60,1,0.758
Altiarchaeota,Archaea,26,PG_binding_1+Glyco_hydro_25,1,3.846
Altiarchaeota,Archaea,26,PG_binding_3+Glyco_hydro_108,1,3.846
Aquificota,Bacteria,84,LysM+Peptidase_M23,74,88.095
Aquificota,Bacteria,84,AMIN+Amidase_3,32,38.095
Aquificota,Bacteria,84,LysM+SLT,29,34.524
Aquificota,Bacteria,84,SH3_6+NLPC_P60,16,19.048
Aquificota,Bacteria,84,LysM+NLPC_P60,13,15.476
Aquificota,Bacteria,84,PG_binding_3+Glyco_hydro_108,7,8.333
Aquificota,Bacteria,84,LysM+Amidase_3,1,1.19
Armatimonadota,Bacteria,187,AMIN+Amidase_3,117,62.567
Armatimonadota,Bacteria,187,LysM+NLPC_P60,40,21.39
Armatimonadota,Bacteria,187,SH3_3+NLPC_P60,28,14.973
Armatimonadota,Bacteria,187,SH3_4+NLPC_P60,23,12.299
Armatimonadota,Bacteria,187,SH3_16+NLPC_P60,18,9.626
Armatimonadota,Bacteria,187,PG_binding_3+Glyco_hydro_108,2,1.07
Armatimonadota,Bacteria,187,SH3_3+Amidase_3,2,1.07
Armatimonadota,Bacteria,187,LysM+Peptidase_M23,1,0.535
Armatimonadota,Bacteria,187,PG_binding_1+Peptidase_M15,1,0.535
Armatimonadota,Bacteria,187,SH3_3+Amidase_2,1,0.535
Asgardarchaeota,Archaea,188,SH3_3+Glyco_hydro_25,2,1.064
Asgardarchaeota,Archaea,188,LysM+SLT,1,0.532
Asgardarchaeota,Archaea,188,PG_binding_1+Amidase_2,1,0.532
Asgardarchaeota,Archaea,188,SH3_16+NLPC_P60,1,0.532
Asgardarchaeota,Archaea,188,SH3_3+Amidase_6+Glyco_hydro_25,1,0.532
Bacillota,Bacteria,10923,LysM+Peptidase_M23,3678,33.672
Bacillota,Bacteria,10923,SH3_3+NLPC_P60,2155,19.729
Bacillota,Bacteria,10923,SH3_3+Amidase_3,1339,12.259
Bacillota,Bacteria,10923,AMIN+Amidase_3,1280,11.718
Bacillota,Bacteria,10923,LysM+NLPC_P60,1081,9.897
Bacillota,Bacteria,10923,SH3_4+NLPC_P60,547,5.008
Bacillota,Bacteria,10923,LysM+Amidase_3,540,4.944
Bacillota,Bacteria,10923,SH3_6+NLPC_P60,477,4.367
Bacillota,Bacteria,10923,PG_binding_1+Amidase_2,346,3.168
Bacillota,Bacteria,10923,SPOR+Amidase_2,322,2.948
Bacillota,Bacteria,10923,SH3_16+NLPC_P60,303,2.774
Bacillota,Bacteria,10923,PG_binding_1+VanY,276,2.527
Bacillota,Bacteria,10923,PG_binding_1+Peptidase_M15,212,1.941
Bacillota,Bacteria,10923,LysM+Amidase_2,193,1.767
Bacillota,Bacteria,10923,SH3_3+Glyco_hydro_25,187,1.712
Bacillota,Bacteria,10923,PG_binding_1+Glyco_hydro_25,156,1.428
Bacillota,Bacteria,10923,SH3_3+Amidase_2,125,1.144
Bacillota,Bacteria,10923,PG_binding_1+Glucosaminidase,110,1.007
Bacillota,Bacteria,10923,Choline_bind_1+Choline_bind_3+Amidase_3,106,0.97
Bacillota,Bacteria,10923,PG_binding_1+Peptidase_M23,103,0.943
Bacillota,Bacteria,10923,CW_7+LysM+Glyco_hydro_25,64,0.586
Bacillota,Bacteria,10923,LysM+SLT,53,0.485
Bacillota,Bacteria,10923,PG_binding_3+Glyco_hydro_108,34,0.311
Bacillota,Bacteria,10923,LysM+Phage_lysozyme2,16,0.146
Bacillota,Bacteria,10923,LysM+Peptidase_M15,5,0.046
Bacteroidota,Bacteria,5552,LysM+SLT,4470,80.512
Bacteroidota,Bacteria,5552,SH3_3+NLPC_P60,2342,42.183
Bacteroidota,Bacteria,5552,LysM+Peptidase_M23,1968,35.447
Bacteroidota,Bacteria,5552,SH3_16+NLPC_P60,1612,29.035
Bacteroidota,Bacteria,5552,PG_binding_3+Glyco_hydro_108,289,5.205
Bacteroidota,Bacteria,5552,SH3_4+NLPC_P60,267,4.809
Bacteroidota,Bacteria,5552,AMIN+Amidase_3,235,4.233
Bacteroidota,Bacteria,5552,PG_binding_1+Amidase_2,208,3.746
Bacteroidota,Bacteria,5552,SH3_3+Amidase_2,160,2.882
Bacteroidota,Bacteria,5552,LysM+NLPC_P60,143,2.576
Bacteroidota,Bacteria,5552,PG_binding_1+Peptidase_M15,62,1.117
Bacteroidota,Bacteria,5552,PG_binding_1+Glyco_hydro_25,22,0.396
Bacteroidota,Bacteria,5552,PG_binding_1+VanY,9,0.162
Bacteroidota,Bacteria,5552,SH3_6+NLPC_P60,9,0.162
Bacteroidota,Bacteria,5552,PG_binding_1+Peptidase_M23,4,0.072
Bacteroidota,Bacteria,5552,LysM+Amidase_2,3,0.054
Bacteroidota,Bacteria,5552,LysM+Amidase_3,3,0.054
Bacteroidota,Bacteria,5552,SH3_3+Glyco_hydro_25,2,0.036
Bacteroidota,Bacteria,5552,SPOR+Amidase_2,2,0.036
Bacteroidota,Bacteria,5552,PG_binding_1+Glucosaminidase,1,0.018
Bacteroidota,Bacteria,5552,SH3_3+Amidase_3,1,0.018
Bdellovibrionota,Bacteria,371,LysM+SLT,340,91.644
Bdellovibrionota,Bacteria,371,LysM+Peptidase_M23,68,18.329
Bdellovibrionota,Bacteria,371,PG_binding_3+Glyco_hydro_108,5,1.348
Bdellovibrionota,Bacteria,371,SH3_6+NLPC_P60,5,1.348
Bdellovibrionota,Bacteria,371,AMIN+Amidase_3,4,1.078
Bdellovibrionota,Bacteria,371,SH3_16+NLPC_P60,2,0.539
Bdellovibrionota,Bacteria,371,LysM+Phage_lysozyme2,1,0.27
Bdellovibrionota,Bacteria,371,PG_binding_1+Amidase_2,1,0.27
Campylobacterota,Bacteria,412,LysM+SLT,329,79.854
Campylobacterota,Bacteria,412,SH3_6+NLPC_P60,147,35.68
Campylobacterota,Bacteria,412,AMIN+Amidase_3,91,22.087
Campylobacterota,Bacteria,412,LysM+NLPC_P60,52,12.621
Campylobacterota,Bacteria,412,PG_binding_3+Glyco_hydro_108,30,7.282
Campylobacterota,Bacteria,412,PG_binding_1+Amidase_2,3,0.728
Campylobacterota,Bacteria,412,LysM+Peptidase_M15,2,0.485
Campylobacterota,Bacteria,412,PG_binding_1+Peptidase_M15,1,0.243
Chlamydiota,Bacteria,248,SH3_16+NLPC_P60,23,9.274
Chlamydiota,Bacteria,248,SH3_4+NLPC_P60,15,6.048
Chlamydiota,Bacteria,248,SH3_3+NLPC_P60,12,4.839
Chlamydiota,Bacteria,248,PG_binding_3+Glyco_hydro_108,3,1.21
Chlamydiota,Bacteria,248,PG_binding_1+Amidase_2,2,0.806
Chloroflexota,Bacteria,1757,LysM+Peptidase_M23,1092,62.151
Chloroflexota,Bacteria,1757,SH3_3+NLPC_P60,101,5.748
Chloroflexota,Bacteria,1757,LysM+SLT,94,5.35
Chloroflexota,Bacteria,1757,SH3_16+NLPC_P60,81,4.61
Chloroflexota,Bacteria,1757,SH3_3+Glyco_hydro_25,55,3.13
Chloroflexota,Bacteria,1757,LysM+NLPC_P60,46,2.618
Chloroflexota,Bacteria,1757,LysM+Amidase_2,37,2.106
Chloroflexota,Bacteria,1757,SH3_4+NLPC_P60,34,1.935
Chloroflexota,Bacteria,1757,PG_binding_1+Amidase_2,28,1.594
Chloroflexota,Bacteria,1757,SH3_3+Amidase_2,26,1.48
Chloroflexota,Bacteria,1757,SH3_6+NLPC_P60,17,0.968
Chloroflexota,Bacteria,1757,LysM+Amidase_3,14,0.797
Chloroflexota,Bacteria,1757,PG_binding_3+Glyco_hydro_108,8,0.455
Chloroflexota,Bacteria,1757,SH3_3+Amidase_3,8,0.455
Chloroflexota,Bacteria,1757,PG_binding_1+Glucosaminidase,6,0.341
Chloroflexota,Bacteria,1757,PG_binding_1+Peptidase_M15,6,0.341
Chloroflexota,Bacteria,1757,AMIN+Amidase_3,2,0.114
Chloroflexota,Bacteria,1757,PG_binding_1+Peptidase_M23,2,0.114
Chloroflexota,Bacteria,1757,LysM+Peptidase_M15,1,0.057
Chloroflexota,Bacteria,1757,SPOR+Amidase_2,1,0.057
Cloacimonadota,Bacteria,90,LysM+Peptidase_M23,78,86.667
Cloacimonadota,Bacteria,90,LysM+SLT,41,45.556
Cloacimonadota,Bacteria,90,SH3_6+NLPC_P60,20,22.222
Cloacimonadota,Bacteria,90,PG_binding_3+Glyco_hydro_108,1,1.111
Cloacimonadota,Bacteria,90,SPOR+Amidase_2,1,1.111
Cyanobacteriota,Bacteria,1157,AMIN+Amidase_3,968,83.665
Cyanobacteriota,Bacteria,1157,SH3_16+NLPC_P60,676,58.427
Cyanobacteriota,Bacteria,1157,LysM+Peptidase_M23,662,57.217
Cyanobacteriota,Bacteria,1157,PG_binding_1+Glyco_hydro_25,85,7.347
Cyanobacteriota,Bacteria,1157,PG_binding_1+VanY,74,6.396
Cyanobacteriota,Bacteria,1157,LysM+Amidase_3,67,5.791
Cyanobacteriota,Bacteria,1157,PG_binding_3+Glyco_hydro_108,53,4.581
Cyanobacteriota,Bacteria,1157,PG_binding_1+Amidase_2,38,3.284
Cyanobacteriota,Bacteria,1157,PG_binding_1+Peptidase_M15,14,1.21
Cyanobacteriota,Bacteria,1157,LysM+SLT,13,1.124
Cyanobacteriota,Bacteria,1157,SH3_3+Amidase_3,11,0.951
Cyanobacteriota,Bacteria,1157,SH3_3+NLPC_P60,10,0.864
Cyanobacteriota,Bacteria,1157,SH3_3+Amidase_2,7,0.605
Cyanobacteriota,Bacteria,1157,LysM+Amidase_2,5,0.432
Cyanobacteriota,Bacteria,1157,PG_binding_1+Peptidase_M23,5,0.432
Cyanobacteriota,Bacteria,1157,SH3_4+NLPC_P60,5,0.432
Cyanobacteriota,Bacteria,1157,PG_binding_1+Glucosaminidase,4,0.346
Cyanobacteriota,Bacteria,1157,LysM+Amidase_6,3,0.259
Cyanobacteriota,Bacteria,1157,LysM+NLPC_P60,2,0.173
Cyanobacteriota,Bacteria,1157,PG_binding_3+Glyco_hydro_108+Peptidase_M23,1,0.086
Cyanobacteriota,Bacteria,1157,SPOR+Amidase_2,1,0.086
Deinococcota,Bacteria,90,LysM+Peptidase_M23,88,97.778
Deinococcota,Bacteria,90,LysM+NLPC_P60,53,58.889
Deinococcota,Bacteria,90,SH3_3+NLPC_P60,8,8.889
Deinococcota,Bacteria,90,SH3_16+NLPC_P60,7,7.778
Deinococcota,Bacteria,90,PG_binding_1+Amidase_2,5,5.556
Deinococcota,Bacteria,90,SH3_6+NLPC_P60,4,4.444
Deinococcota,Bacteria,90,AMIN+Amidase_3,3,3.333
Deinococcota,Bacteria,90,LysM+Amidase_3,1,1.111
Dependentiae,Bacteria,95,PG_binding_1+Amidase_2,2,2.105
Dependentiae,Bacteria,95,PG_binding_3+Glyco_hydro_108,2,2.105
Desulfobacterota,Bacteria,1618,LysM+SLT,1425,88.072
Desulfobacterota,Bacteria,1618,AMIN+Amidase_3,1083,66.934
Desulfobacterota,Bacteria,1618,LysM+Peptidase_M23,419,25.896
Desulfobacterota,Bacteria,1618,LysM+NLPC_P60,289,17.862
Desulfobacterota,Bacteria,1618,SH3_6+NLPC_P60,173,10.692
Desulfobacterota,Bacteria,1618,PG_binding_3+Glyco_hydro_108,125,7.726
Desulfobacterota,Bacteria,1618,LysM+Amidase_3,70,4.326
Desulfobacterota,Bacteria,1618,LysM+Amidase_2,33,2.04
Desulfobacterota,Bacteria,1618,SH3_3+Amidase_2,13,0.803
Desulfobacterota,Bacteria,1618,SPOR+SLT,11,0.68
Desulfobacterota,Bacteria,1618,PG_binding_1+Peptidase_M15,10,0.618
Desulfobacterota,Bacteria,1618,LysM+Peptidase_M15,8,0.494
Desulfobacterota,Bacteria,1618,PG_binding_1+Amidase_2,6,0.371
Desulfobacterota,Bacteria,1618,SH3_16+NLPC_P60,5,0.309
Desulfobacterota,Bacteria,1618,PG_binding_1+VanY,4,0.247
Desulfobacterota,Bacteria,1618,PG_binding_1+Peptidase_M23,1,0.062
Desulfobacterota,Bacteria,1618,SH3_3+NLPC_P60,1,0.062
Dormibacterota,Bacteria,97,LysM+SLT,35,36.082
Dormibacterota,Bacteria,97,LysM+Peptidase_M23,26,26.804
Elusimicrobiota,Bacteria,189,LysM+Peptidase_M23,64,33.862
Elusimicrobiota,Bacteria,189,LysM+SLT,55,29.101
Elusimicrobiota,Bacteria,189,SH3_6+NLPC_P60,20,10.582
Elusimicrobiota,Bacteria,189,SH3_16+NLPC_P60,3,1.587
Elusimicrobiota,Bacteria,189,PG_binding_1+Peptidase_M23,1,0.529
Elusimicrobiota,Bacteria,189,PG_binding_3+Glyco_hydro_108,1,0.529
Eremiobacterota,Bacteria,113,AMIN+Amidase_3,90,79.646
Eremiobacterota,Bacteria,113,LysM+NLPC_P60,39,34.513
Eremiobacterota,Bacteria,113,SH3_3+NLPC_P60,7,6.195
Eremiobacterota,Bacteria,113,SH3_16+NLPC_P60,4,3.54
Eremiobacterota,Bacteria,113,LysM+Peptidase_M23,1,0.885
Eremiobacterota,Bacteria,113,PG_binding_1+Glucosaminidase,1,0.885
Eremiobacterota,Bacteria,113,PG_binding_1+Glyco_hydro_25,1,0.885
Eremiobacterota,Bacteria,113,PG_binding_1+Peptidase_M15,1,0.885
Eremiobacterota,Bacteria,113,SH3_6+NLPC_P60,1,0.885
Fibrobacterota,Bacteria,87,LysM+SLT,86,98.851
Fibrobacterota,Bacteria,87,LysM+Peptidase_M23,44,50.575
Fibrobacterota,Bacteria,87,PG_binding_3+Glyco_hydro_108,4,4.598
Fibrobacterota,Bacteria,87,PG_binding_1+Glucosaminidase,1,1.149
Fibrobacterota,Bacteria,87,SH3_16+NLPC_P60,1,1.149
Fibrobacterota,Bacteria,87,SH3_3+Amidase_2,1,1.149
Fibrobacterota,Bacteria,87,SH3_3+NLPC_P60,1,1.149
Fusobacteriota,Bacteria,90,LysM+Peptidase_M23,59,65.556
Fusobacteriota,Bacteria,90,PG_binding_1+Amidase_2,46,51.111
Fusobacteriota,Bacteria,90,PG_binding_3+Glyco_hydro_108,16,17.778
Fusobacteriota,Bacteria,90,LysM+Amidase_2,1,1.111
Fusobacteriota,Bacteria,90,LysM+Amidase_3,1,1.111
Fusobacteriota,Bacteria,90,SH3_3+Amidase_2,1,1.111
Fusobacteriota,Bacteria,90,SH3_4+NLPC_P60,1,1.111
Fusobacteriota,Bacteria,90,SH3_6+NLPC_P60,1,1.111
Gemmatimonadota,Bacteria,314,LysM+SLT,245,78.025
Gemmatimonadota,Bacteria,314,SH3_3+NLPC_P60,55,17.516
Gemmatimonadota,Bacteria,314,SH3_16+NLPC_P60,33,10.51
Gemmatimonadota,Bacteria,314,SH3_4+NLPC_P60,19,6.051
Gemmatimonadota,Bacteria,314,SH3_3+Amidase_2,7,2.229
Gemmatimonadota,Bacteria,314,PG_binding_3+Glyco_hydro_108,3,0.955
Gemmatimonadota,Bacteria,314,LysM+Peptidase_M23,2,0.637
Gemmatimonadota,Bacteria,314,PG_binding_1+Amidase_2,1,0.318
Gemmatimonadota,Bacteria,314,PG_binding_1+Peptidase_M15,1,0.318
Gemmatimonadota,Bacteria,314,PG_binding_1+Peptidase_M23,1,0.318
Gemmatimonadota,Bacteria,314,PG_binding_1+VanY,1,0.318
Hadarchaeota,Archaea,12,,0,0.0
Halobacteriota,Archaea,739,SH3_3+NLPC_P60,31,4.195
Halobacteriota,Archaea,739,PG_binding_1+Amidase_2,7,0.947
Halobacteriota,Archaea,739,PG_binding_1+Glucosaminidase,6,0.812
Halobacteriota,Archaea,739,PG_binding_1+Peptidase_M23,5,0.677
Halobacteriota,Archaea,739,SH3_3+Amidase_2,4,0.541
Halobacteriota,Archaea,739,PG_binding_3+Glyco_hydro_108,3,0.406
Halobacteriota,Archaea,739,SH3_4+NLPC_P60,3,0.406
Hydrothermarchaeota,Archaea,16,,0,0.0
Iainarchaeota,Archaea,68,,0,0.0
Marinisomatota,Bacteria,208,LysM+SLT,179,86.058
Marinisomatota,Bacteria,208,SH3_3+NLPC_P60,69,33.173
Marinisomatota,Bacteria,208,SH3_16+NLPC_P60,49,23.558
Marinisomatota,Bacteria,208,SH3_4+NLPC_P60,22,10.577
Marinisomatota,Bacteria,208,PG_binding_3+Glyco_hydro_108,6,2.885
Marinisomatota,Bacteria,208,PG_binding_1+Amidase_2,3,1.442
Marinisomatota,Bacteria,208,SH3_3+Amidase_2,1,0.481
Methanobacteriota,Archaea,207,CW_7+LysM+Glyco_hydro_25,1,0.483
Methanobacteriota,Archaea,207,Choline_bind_1+Choline_bind_3+Amidase_3,1,0.483
Methanobacteriota,Archaea,207,SPOR+Amidase_2,1,0.483
Micrarchaeota,Archaea,242,LysM+SLT,2,0.826
Micrarchaeota,Archaea,242,PG_binding_3+Glyco_hydro_108,1,0.413
Myxococcota,Bacteria,686,LysM+SLT,553,80.612
Myxococcota,Bacteria,686,LysM+Peptidase_M23,260,37.901
Myxococcota,Bacteria,686,LysM+Peptidase_M15,161,23.469
Myxococcota,Bacteria,686,AMIN+Amidase_3,111,16.181
Myxococcota,Bacteria,686,PG_binding_1+Amidase_2,56,8.163
Myxococcota,Bacteria,686,PG_binding_1+VanY,35,5.102
Myxococcota,Bacteria,686,SH3_6+NLPC_P60,32,4.665
Myxococcota,Bacteria,686,LysM+Phage_lysozyme2,14,2.041
Myxococcota,Bacteria,686,PG_binding_1+Peptidase_M23,13,1.895
Myxococcota,Bacteria,686,PG_binding_1+Peptidase_M15,12,1.749
Myxococcota,Bacteria,686,SH3_3+Amidase_2,9,1.312
Myxococcota,Bacteria,686,PG_binding_1+Glucosaminidase,8,1.166
Myxococcota,Bacteria,686,PG_binding_1+Glyco_hydro_25,8,1.166
Myxococcota,Bacteria,686,LysM+NLPC_P60,5,0.729
Myxococcota,Bacteria,686,PG_binding_3+Glyco_hydro_108,5,0.729
Myxococcota,Bacteria,686,LysM+Amidase_2,4,0.583
Myxococcota,Bacteria,686,SH3_3+Glyco_hydro_25,4,0.583
Myxococcota,Bacteria,686,SH3_3+NLPC_P60,3,0.437
Myxococcota,Bacteria,686,SH3_16+NLPC_P60,2,0.292
Myxococcota,Bacteria,686,LysM+Amidase_3,1,0.146
Nanoarchaeota,Archaea,695,LysM+SLT,28,4.029
Nanoarchaeota,Archaea,695,PG_binding_3+Glyco_hydro_108,7,1.007
Nanoarchaeota,Archaea,695,LysM+Peptidase_M15,6,0.863
Nanoarchaeota,Archaea,695,LysM+Amidase_2,2,0.288
Nanoarchaeota,Archaea,695,LysM+Peptidase_M23,2,0.288
Nanoarchaeota,Archaea,695,PG_binding_1+Amidase_2,2,0.288
Nanoarchaeota,Archaea,695,LysM+Amidase_3,1,0.144
Nanoarchaeota,Archaea,695,LysM+NLPC_P60,1,0.144
Nanoarchaeota,Archaea,695,PG_binding_1+Glucosaminidase,1,0.144
Nanoarchaeota,Archaea,695,PG_binding_1+Peptidase_M15,1,0.144
Nanoarchaeota,Archaea,695,PG_binding_1+Peptidase_M23,1,0.144
Nanoarchaeota,Archaea,695,PG_binding_3+Glyco_hydro_108+Peptidase_M23,1,0.144
Nanoarchaeota,Archaea,695,SH3_16+NLPC_P60,1,0.144
Nanoarchaeota,Archaea,695,SPOR+SLT,1,0.144
Nanohaloarchaeota,Archaea,26,LysM+SLT,4,15.385
Nitrospinota,Bacteria,80,LysM+SLT,64,80.0
Nitrospinota,Bacteria,80,LysM+Peptidase_M23,57,71.25
Nitrospinota,Bacteria,80,AMIN+Amidase_3,42,52.5
Nitrospinota,Bacteria,80,PG_binding_3+Glyco_hydro_108,3,3.75
Nitrospirota,Bacteria,391,LysM+SLT,332,84.91
Nitrospirota,Bacteria,391,AMIN+Amidase_3,230,58.824
Nitrospirota,Bacteria,391,LysM+NLPC_P60,126,32.225
Nitrospirota,Bacteria,391,PG_binding_3+Glyco_hydro_108,15,3.836
Nitrospirota,Bacteria,391,LysM+Peptidase_M23,13,3.325
Nitrospirota,Bacteria,391,SH3_3+Amidase_2,6,1.535
Nitrospirota,Bacteria,391,LysM+Peptidase_M15,3,0.767
Nitrospirota,Bacteria,391,SH3_3+NLPC_P60,2,0.512
Nitrospirota,Bacteria,391,LysM+Amidase_2,1,0.256
Nitrospirota,Bacteria,391,PG_binding_1+Amidase_2,1,0.256
Nitrospirota,Bacteria,391,PG_binding_1+VanY,1,0.256
Nitrospirota,Bacteria,391,SH3_16+NLPC_P60,1,0.256
Nitrospirota,Bacteria,391,SH3_6+NLPC_P60,1,0.256
Omnitrophota,Bacteria,417,LysM+Peptidase_M23,248,59.472
Omnitrophota,Bacteria,417,LysM+Amidase_2,152,36.451
Omnitrophota,Bacteria,417,SH3_6+NLPC_P60,94,22.542
Omnitrophota,Bacteria,417,SH3_16+NLPC_P60,3,0.719
Omnitrophota,Bacteria,417,PG_binding_3+Glyco_hydro_108,1,0.24
Omnitrophota,Bacteria,417,SH3_3+NLPC_P60,1,0.24
Omnitrophota,Bacteria,417,SH3_4+NLPC_P60,1,0.24
Patescibacteria,Bacteria,2903,LysM+Peptidase_M23,1949,67.137
Patescibacteria,Bacteria,2903,LysM+SLT,46,1.585
Patescibacteria,Bacteria,2903,PG_binding_1+Peptidase_M23,43,1.481
Patescibacteria,Bacteria,2903,PG_binding_1+VanY,18,0.62
Patescibacteria,Bacteria,2903,PG_binding_3+Glyco_hydro_108,10,0.344
Patescibacteria,Bacteria,2903,SH3_16+NLPC_P60,4,0.138
Patescibacteria,Bacteria,2903,LysM+Amidase_2,3,0.103
Patescibacteria,Bacteria,2903,LysM+Phage_lysozyme2,3,0.103
Patescibacteria,Bacteria,2903,PG_binding_1+Peptidase_M15,2,0.069
Patescibacteria,Bacteria,2903,CW_7+LysM+Glyco_hydro_25,1,0.034
Patescibacteria,Bacteria,2903,LysM+Amidase_3,1,0.034
Patescibacteria,Bacteria,2903,LysM+NLPC_P60,1,0.034
Patescibacteria,Bacteria,2903,PG_binding_1+Glucosaminidase,1,0.034
Patescibacteria,Bacteria,2903,PG_binding_1+Glyco_hydro_25,1,0.034
Patescibacteria,Bacteria,2903,SH3_3+Amidase_2,1,0.034
Planctomycetota,Bacteria,1571,LysM+Peptidase_M23,60,3.819
Planctomycetota,Bacteria,1571,SH3_16+NLPC_P60,32,2.037
Planctomycetota,Bacteria,1571,LysM+Amidase_2,21,1.337
Planctomycetota,Bacteria,1571,SH3_6+NLPC_P60,19,1.209
Planctomycetota,Bacteria,1571,PG_binding_3+Glyco_hydro_108,17,1.082
Planctomycetota,Bacteria,1571,SH3_3+NLPC_P60,8,0.509
Planctomycetota,Bacteria,1571,SH3_3+Amidase_2,7,0.446
Planctomycetota,Bacteria,1571,SH3_4+NLPC_P60,5,0.318
Planctomycetota,Bacteria,1571,PG_binding_1+Amidase_2,4,0.255
Planctomycetota,Bacteria,1571,LysM+Amidase_3,3,0.191
Planctomycetota,Bacteria,1571,LysM+SLT,1,0.064
Planctomycetota,Bacteria,1571,PG_binding_1+Glucosaminidase,1,0.064
Planctomycetota,Bacteria,1571,PG_binding_1+Peptidase_M23,1,0.064
Planctomycetota,Bacteria,1571,PG_binding_1+VanY,1,0.064
Planctomycetota,Bacteria,1571,SH3_3+Amidase_3,1,0.064
Planctomycetota,Bacteria,1571,SPOR+Amidase_2,1,0.064
Pseudomonadota,Bacteria,12130,LysM+Peptidase_M23,9615,79.266
Pseudomonadota,Bacteria,12130,AMIN+Amidase_3,6583,54.27
Pseudomonadota,Bacteria,12130,LysM+SLT,5747,47.378
Pseudomonadota,Bacteria,12130,SH3_16+NLPC_P60,2732,22.523
Pseudomonadota,Bacteria,12130,PG_binding_1+Amidase_2,2477,20.42
Pseudomonadota,Bacteria,12130,PG_binding_3+Glyco_hydro_108,1970,16.241
Pseudomonadota,Bacteria,12130,SPOR+SLT,791,6.521
Pseudomonadota,Bacteria,12130,SH3_6+NLPC_P60,385,3.174
Pseudomonadota,Bacteria,12130,LysM+Amidase_3,362,2.984
Pseudomonadota,Bacteria,12130,SH3_3+NLPC_P60,193,1.591
Pseudomonadota,Bacteria,12130,PG_binding_1+Peptidase_M15,118,0.973
Pseudomonadota,Bacteria,12130,SH3_3+Amidase_2,109,0.899
Pseudomonadota,Bacteria,12130,PG_binding_1+Peptidase_M23,53,0.437
Pseudomonadota,Bacteria,12130,PG_binding_1+Glucosaminidase,17,0.14
Pseudomonadota,Bacteria,12130,LysM+Amidase_2,15,0.124
Pseudomonadota,Bacteria,12130,LysM+Phage_lysozyme2,10,0.082
Pseudomonadota,Bacteria,12130,PG_binding_1+VanY,9,0.074
Pseudomonadota,Bacteria,12130,SH3_4+NLPC_P60,9,0.074
Pseudomonadota,Bacteria,12130,LysM+Peptidase_M15,7,0.058
Pseudomonadota,Bacteria,12130,LysM+NLPC_P60,2,0.016
Pseudomonadota,Bacteria,12130,PG_binding_1+Glyco_hydro_25,2,0.016
Pseudomonadota,Bacteria,12130,SH3_3+Glyco_hydro_25,2,0.016
Pseudomonadota,Bacteria,12130,SPOR+Amidase_2,2,0.016
Spirochaetota,Bacteria,570,LysM+Peptidase_M23,551,96.667
Spirochaetota,Bacteria,570,LysM+SLT,271,47.544
Spirochaetota,Bacteria,570,LysM+Amidase_3,48,8.421
Spirochaetota,Bacteria,570,SH3_6+NLPC_P60,14,2.456
Spirochaetota,Bacteria,570,PG_binding_3+Glyco_hydro_108,5,0.877
Spirochaetota,Bacteria,570,PG_binding_1+Peptidase_M23,4,0.702
Spirochaetota,Bacteria,570,SH3_3+Amidase_3,4,0.702
Spirochaetota,Bacteria,570,PG_binding_1+Peptidase_M15,2,0.351
Spirochaetota,Bacteria,570,PG_binding_1+Glucosaminidase,1,0.175
Spirochaetota,Bacteria,570,PG_binding_1+Glyco_hydro_25,1,0.175
Spirochaetota,Bacteria,570,SH3_16+NLPC_P60,1,0.175
Spirochaetota,Bacteria,570,SH3_3+Amidase_2,1,0.175
Spirochaetota,Bacteria,570,SH3_3+Glyco_hydro_25,1,0.175
Spirochaetota,Bacteria,570,SPOR+Amidase_2,1,0.175
Synergistota,Bacteria,112,LysM+Peptidase_M23,97,86.607
Synergistota,Bacteria,112,PG_binding_3+Glyco_hydro_108,19,16.964
Synergistota,Bacteria,112,SH3_6+NLPC_P60,19,16.964
Synergistota,Bacteria,112,SPOR+Amidase_2,1,0.893
Thermoplasmatota,Archaea,598,SH3_16+NLPC_P60,19,3.177
Thermoplasmatota,Archaea,598,SH3_3+NLPC_P60,9,1.505
Thermoplasmatota,Archaea,598,SH3_3+Amidase_6+Glyco_hydro_25,6,1.003
Thermoplasmatota,Archaea,598,PG_binding_1+Amidase_2,2,0.334
Thermoplasmatota,Archaea,598,AMIN+Amidase_3,1,0.167
Thermoplasmatota,Archaea,598,LysM+Amidase_6,1,0.167
Thermoplasmatota,Archaea,598,LysM+Peptidase_M23,1,0.167
Thermoplasmatota,Archaea,598,LysM+Phage_lysozyme2,1,0.167
Thermoplasmatota,Archaea,598,LysM+SLT,1,0.167
Thermoplasmatota,Archaea,598,PG_binding_1+Glyco_hydro_25,1,0.167
Thermoproteota,Archaea,705,LysM+SLT,5,0.709
Thermoproteota,Archaea,705,SH3_3+NLPC_P60,3,0.426
Thermoproteota,Archaea,705,PG_binding_1+VanY,2,0.284
Thermoproteota,Archaea,705,PG_binding_3+Glyco_hydro_108,2,0.284
Thermoproteota,Archaea,705,PG_binding_1+Amidase_2,1,0.142
Thermoproteota,Archaea,705,SH3_16+NLPC_P60,1,0.142
Thermoproteota,Archaea,705,SH3_3+Amidase_3,1,0.142
Thermoproteota,Archaea,705,SH3_6+NLPC_P60,1,0.142
Thermotogota,Bacteria,90,LysM+Peptidase_M23,86,95.556
Thermotogota,Bacteria,90,SH3_6+NLPC_P60,13,14.444
Thermotogota,Bacteria,90,SH3_16+NLPC_P60,8,8.889
Thermotogota,Bacteria,90,AMIN+Amidase_3,3,3.333
Thermotogota,Bacteria,90,SH3_3+NLPC_P60,3,3.333
Thermotogota,Bacteria,90,LysM+Amidase_2,1,1.111
Thermotogota,Bacteria,90,SH3_4+NLPC_P60,1,1.111
Thermotogota,Bacteria,90,SPOR+Amidase_2,1,1.111
Undinarchaeota,Archaea,5,PG_binding_3+Glyco_hydro_108,1,20.0
Verrucomicrobiota,Bacteria,1316,LysM+Amidase_2,220,16.717
Verrucomicrobiota,Bacteria,1316,LysM+Amidase_3,21,1.596
Verrucomicrobiota,Bacteria,1316,LysM+NLPC_P60,17,1.292
Verrucomicrobiota,Bacteria,1316,PG_binding_1+Amidase_2,13,0.988
Verrucomicrobiota,Bacteria,1316,PG_binding_3+Glyco_hydro_108,12,0.912
Verrucomicrobiota,Bacteria,1316,SH3_16+NLPC_P60,11,0.836
Verrucomicrobiota,Bacteria,1316,LysM+SLT,6,0.456
Verrucomicrobiota,Bacteria,1316,SH3_6+NLPC_P60,6,0.456
Verrucomicrobiota,Bacteria,1316,PG_binding_1+Peptidase_M15,1,0.076
Verrucomicrobiota,Bacteria,1316,SH3_4+NLPC_P60,1,0.076
Zixibacteria,Bacteria,96,LysM+SLT,82,85.417
Zixibacteria,Bacteria,96,SH3_16+NLPC_P60,28,29.167
Zixibacteria,Bacteria,96,SH3_3+NLPC_P60,17,17.708
Zixibacteria,Bacteria,96,PG_binding_3+Glyco_hydro_108,3,3.125
Zixibacteria,Bacteria,96,LysM+Peptidase_M15,1,1.042
Zixibacteria,Bacteria,96,PG_binding_1+Peptidase_M15,1,1.042
other_archaea,Archaea,47,,0,0.0
other_bacteria,Bacteria,1475,,0,0.0
